"0",""""
"0","Der Code zur Reportgenerierung ist hauptsächlich der selbe Code, mit dem Ihr Eure Applikation schreibt. Die Variablen werden über Parameter 'params' übergeben - so wird die Visualisierung entsprechend der Auswahl angepasst. Den Standardwert für die Parameter könnt Ihr oben festlegen (params: paramtername: 'Standardwert'). Wenn Ihr Änderungen vornehmt, muss die PDF-Datei geschlossen werden, bevor Ihr sie neu aufsetzen könnt."
"0",""""
"1","[1]"
"1"," ""\nDer Code zur Reportgenerierung ist hauptsächlich der selbe Code, mit dem Ihr Eure Applikation schreibt. Die Variablen werden über Parameter 'params' übergeben - so wird die Visualisierung entsprechend der Auswahl angepasst. Den Standardwert für die Parameter könnt Ihr oben festlegen (params: paramtername: 'Standardwert'). Wenn Ihr Änderungen vornehmt, muss die PDF-Datei geschlossen werden, bevor Ihr sie neu aufsetzen könnt.\n"""
"1","
"
