"0","# Verteilungsplot für Alter"
"0","plot_alter <- daten %>% "
"0","  mutate('Alter' = calc_age(Geburtsdatum)) %>% # Alter berechnen (Funktion unter Daten bereinigen)"
"0","  ggplot(aes(x=Alter)) + # Plot initialisieren"
"0","  geom_density(fill='#027F88', color = '#027F88') + # Verteilungsplot erstellen"
"0","  geom_vline(aes(xintercept=mean(Alter))) + # Mittelwert hinzufügen"
"0","  theme_classic() + # Layout auswählen"
"0","  ylab('Verteilung') +  # y-Achse beschriften"
"0","  ggtitle('Alter') # Titel hinzufügen"
