"0","# Verteilungsplot für Spenden"
"0","plot_spenden <- daten %>% "
"0","  ggplot(aes(x=`Spende (p.a. in EUR)`)) + # Plot initialisieren"
"0","  geom_density(fill='#027F88', color = '#027F88') + # Verteilungsplot erstellen"
"0","  geom_vline(aes(xintercept=mean(`Spende (p.a. in EUR)`))) + # Mittelwert hinzufügen"
"0","  theme_classic() + # Layout auswählen"
"0","  xlab('Spendenhöhe p.a. in EUR') + # x-Achse beschriften"
"0","  ylab('Verteilung') +  # y-Achse beschriften"
"0","  ggtitle('Spendenhöhe') # Titel hinzufügen"
