"0","# 2) DATEN LADEN"
"0","### Hier laden wir die Datensätze, die Ihr am Besten immer in einem Ordner namens ""Daten"" speichert."
"0","mitglieder <- readxl::read_xlsx(here::here(""Daten"", ""Mitgliederdaten.xlsx""))"
"0","feedback <- readxl::read_xlsx(here::here(""Daten"", ""Feedbackumfrage.xlsx""))"
"0","geocoordinaten <- readxl::read_xlsx(here::here(""Daten"", ""Geocodierung.xlsx""))"
"0",""
"0","### Hier fügen wir die Daten über die Mitglieder-ID zusammen."
"0","### Mehr Informationen, wie das funktioniert, gibt es hier: https://dplyr.tidyverse.org/reference/join.html"
"0","alle_daten_short <- dplyr::full_join(left_join(mitglieder, geocoordinaten, by = 'Wohnort'), feedback, by = ""Mitglieds-ID"")"
"0",""
"0","### Die Variablennamen sind nicht noch nicht so schön oder zu lang? Mit dem Snippet colnames(datensatz) <- c(""Name1"", ""Name2"", ...) lässt sich das ändern."
"0","colnames(alle_daten_short) <- c(""Mitglieds-ID"", ""Name"", ""Geschlecht"", ""Geburtsdatum"", ""Wohnort"", ""Bundesland"", "
"0","                                ""Beitrittsdatum"", ""Austrittsdatum"", ""Beschäftigungsstatus"", ""Spende (p.a. in EUR)"", ""Lat"", ""Long"", "
"0","                                ""Kursangebot insgesamt"", ""An welchem Kursniveau nimmst Du teil?"", ""Mentor:in"", "
"0","                                ""Materialien"", ""Anmeldung"", ""Beratungsstelle"", ""Räumlichkeiten"", ""Erhebungsjahr"")"
"0","                               "
"0","############################################"
