"0","# Kreisdiagramm kreiieren"
"0","plot_geschlecht <- daten %>%"
"0","      select(Geschlecht) %>% # Spalte Geschlecht auswählen"
"0","      group_by(Geschlecht) %>% # Pro Geschlecht gruppieren"
"0","      summarise('Anzahl' = n(), 'Prozent' = n()/nrow(daten)) %>% # Bei Gruppierung Anzahlung und Prozent bestimmen"
"0","      ggplot(aes(x='', y=Prozent, fill=Geschlecht)) +"
"0","      geom_bar(stat=""identity"", width=1) + # Basislayout definieren (Hinweis: Das ist ein Barchart)"
"0","      coord_polar(""y"", start=0) + # Kuchendiagramm ausrichten"
"0","      theme_void() + # Grid entfernen"
"0","      ggtitle('Geschlecht') + # Titel hinzügen"
"0","      scale_fill_brewer(palette='PuBuGn') + # Farbe festlegen"
"0","      geom_text(aes(label = paste0(round(Prozent*100), ""%"")), position = position_stack(vjust = 0.5)) # Beschriftungen kreiieren"
