"0","# Tabelle kreiieren"
"0","daten %>%"
"0","    select(`Mitglieds-ID`, Wohnort, Beitrittsdatum, Austrittsdatum) %>% # Spalten auswählen"
"0","    mutate('Eintritt' = 1, 'Austritt' = ifelse(is.na(Austrittsdatum), 0,1)) %>% #  Eintritt, Austritt und Aktivitätsstatus codieren"
"0","    mutate('Aktives Mitglied' = Eintritt - Austritt) %>%"
"0","    group_by(`Mitglieds-ID`, Wohnort) %>% # Individuelle Mitglieder heraussuchen"
"0","    summarise('Eintritte' = sum(unique(Eintritt)), 'Austritte' = sum(unique(Austritt)), 'Aktive Mitglieder' = sum(unique(`Aktives Mitglied`))) %>% # Anzahl berechnen"
"0","    group_by(Wohnort) %>% # Pro Ort gruppieren"
"0","    summarise(Eintritte = sum(Eintritte), Austritte = sum(Austritte), 'Aktive Mitglieder' = sum(`Aktive Mitglieder`)) %>% # Zusammenfassung berechnen"
"0","      knitr::kable()"
