{"chunk_definitions":[{"row":17,"row_count":1,"visible":true,"expansion_state":0,"options":{"engine":"r","include":false,"label":"unnamed-chunk-1"},"document_id":"D2EFDEE2","chunk_id":"cp7ofjhpin1qe","chunk_label":"unnamed-chunk-1"},{"row":45,"row_count":1,"visible":true,"expansion_state":0,"options":{"engine":"r","label":"setup","include":false,"warning":false},"document_id":"D2EFDEE2","chunk_id":"csetup_chunk","chunk_label":"setup"},{"row":65,"row_count":1,"visible":true,"expansion_state":0,"options":{"engine":"r","label":"unnamed-chunk-2"},"document_id":"D2EFDEE2","chunk_id":"cm6cj0uthjyn0","chunk_label":"unnamed-chunk-2"},{"row":99,"row_count":1,"visible":true,"expansion_state":0,"options":{"engine":"r","label":"unnamed-chunk-3"},"document_id":"D2EFDEE2","chunk_id":"c0xewza1ysysi","chunk_label":"unnamed-chunk-3"},{"row":113,"row_count":1,"visible":true,"expansion_state":0,"options":{"engine":"r","include":true,"warning":false,"label":"unnamed-chunk-4"},"document_id":"D2EFDEE2","chunk_id":"c0qfwj0z3wgul","chunk_label":"unnamed-chunk-4"},{"row":127,"row_count":1,"visible":true,"expansion_state":0,"options":{"engine":"r","label":"unnamed-chunk-5"},"document_id":"D2EFDEE2","chunk_id":"cwhx56ovdznsu","chunk_label":"unnamed-chunk-5"},{"row":139,"row_count":1,"visible":true,"expansion_state":0,"options":{"engine":"r","include":true,"results":"asis","label":"unnamed-chunk-6"},"document_id":"08FA201D","chunk_id":"cpli14arizyij","chunk_label":"unnamed-chunk-6"},{"row":153,"row_count":1,"visible":true,"expansion_state":0,"options":{"engine":"r","label":"unnamed-chunk-7"},"document_id":"D2EFDEE2","chunk_id":"c0j4vck0sp21o","chunk_label":"unnamed-chunk-7"},{"row":167,"row_count":1,"visible":true,"expansion_state":0,"options":{"engine":"r","include":true,"results":"asis","warnings":false,"message":false,"label":"unnamed-chunk-8"},"document_id":"08FA201D","chunk_id":"co9syc38z9kj3","chunk_label":"unnamed-chunk-8"},{"row":183,"row_count":1,"visible":true,"expansion_state":0,"options":{"engine":"r","include":true,"warnings":false,"message":false,"label":"unnamed-chunk-9"},"document_id":"D2EFDEE2","chunk_id":"cjz063bmzfpxt","chunk_label":"unnamed-chunk-9"},{"row":202,"row_count":1,"visible":true,"expansion_state":0,"options":{"engine":"r","include":true,"warnings":false,"message":false,"label":"unnamed-chunk-10"},"document_id":"D2EFDEE2","chunk_id":"c49vkroe8nkrm","chunk_label":"unnamed-chunk-10"},{"row":215,"row_count":1,"visible":true,"expansion_state":0,"options":{"engine":"r","include":true,"warnings":false,"message":false,"label":"unnamed-chunk-11"},"document_id":"D2EFDEE2","chunk_id":"cfogo6rylg5yx","chunk_label":"unnamed-chunk-11"},{"row":228,"row_count":1,"visible":true,"expansion_state":0,"options":{"engine":"r","include":true,"warnings":false,"message":false,"label":"unnamed-chunk-12"},"document_id":"D2EFDEE2","chunk_id":"cnukbbgf96e2w","chunk_label":"unnamed-chunk-12"},{"row":236,"row_count":1,"visible":true,"expansion_state":0,"options":{"engine":"r","results":"asis","warnings":false,"message":false,"label":"unnamed-chunk-13"},"document_id":"D2EFDEE2","chunk_id":"cfem1x8t8gikc","chunk_label":"unnamed-chunk-13"}],"doc_write_time":1621257716,"working_dir":null,"default_chunk_options":{"echo":false}}