"0","# 1) PACKAGES LADEN UND SET-UP"
"0","### Hinweis: Falls Ihr sie noch installieren, updaten müsst, könnt Ihr diesen Code ausführen: install.packages(c('dplyr', 'ggplot2))"
"0","knitr::opts_chunk$set(echo = FALSE)"
"0","library(dplyr)"
"0","library(ggplot2)"
"0","library(gridExtra)"
"0",""
"0","# Funktion zur Altersberechnung in Jahren - Credit: Matt Cooper"
"0","calc_age <- function(birthDate, refDate = Sys.Date(), unit = ""year"") {"
"0","  "
"0","  require(lubridate)"
"0","  "
"0","  if(grepl(x = unit, pattern = ""year"")) {"
"0","    as.period(interval(birthDate, refDate), unit = 'year')$year"
"0","  } else if(grepl(x = unit, pattern = ""month"")) {"
"0","    as.period(interval(birthDate, refDate), unit = 'month')$month"
"0","  } else if(grepl(x = unit, pattern = ""week"")) {"
"0","    floor(as.period(interval(birthDate, refDate), unit = 'day')$day / 7)"
"0","  } else if(grepl(x = unit, pattern = ""day"")) {"
"0","    as.period(interval(birthDate, refDate), unit = 'day')$day"
"0","  } else {"
"0","    print(""Argument 'unit' must be one of 'year', 'month', 'week', or 'day'"")"
"0","    NA"
"0","  }"
"0","}"
