"0","# Barplot zur Beschäftigung kreiieren"
"0","barplot <- function(daten, xvariable, farbvariable, farbpalette, titel) {"
"0","  ggplot(daten, aes(x = xvariable, fill = factor(farbvariable))) +"
"0","    scale_fill_brewer(palette = farbpalette) + # Farbpalette"
"0","    theme_classic() + # Layout"
"0","    theme(legend.position = ""none"", axis.text.x = element_text(angle = 45, vjust = 0.5)) + # Legende ausblenden, da hier nicht notwendig"
"0","    ggtitle(paste(titel)) + # fügt einen Titel hinzu"
"0","    xlab('') + # x-Achsenbeschriftung"
"0","    ylab('Prozent der Antworten') + #y-Achsenbeschriftung"
"0","    scale_y_continuous(labels = scales::percent) +"
"0","    geom_text(aes(label = scales::percent(..prop..), y = ..prop.., group = 1), stat= ""count"", vjust = - 0.1, size = 1.5) + # Beschriftung"
"0","geom_bar(aes(y = ..prop.., fill = factor(..x..), group = 1), stat=""count"") # Graphtyp und y-Achse in Prozent"
"0","}"
"0","# Funktion anwenden"
"0","plot_status <- barplot(daten, daten$Beschäftigungsstatus, daten$Beschäftigungsstatus, 'PuBuGn', 'Beschäftigung')"
