"0","# 4) DATEN BEREINIGEN"
"0","### Hiermit konvertieren wir das ""kurze"" Datenformat, in dem pro Zeile eine Beobachtung und pro Spalte eine Variable festgesetzt ist."
"0","### Im ""langen"" Format lassen sich dann die Fragen auch als Filter verwenden - das ist später für die Visualisierung praktisch."
"0","### Diese Technik ist besonders bei Umfragen relevant!"
"0","alle_daten_long <- tidyr::pivot_longer(alle_daten_short, # Datenquelle"
"0","                    cols = c(""Kursangebot insgesamt"", # Spalten, die zusammengefügt werden sollen."
"0","                        ""Mentor:in"","
"0","                        ""Materialien"","
"0","                        ""Anmeldung"","
"0","                        ""Beratungsstelle"","
"0","                        ""Räumlichkeiten"""
"0","                        ),"
"0","                    names_to = ""Frage"", # Benennung der neuen Frage-Spalte"
"0","                    values_to = ""Antwort"" # Benennung der neuen Antwort-Spalte"
"0","                    )"
"0",""
"0","### Hier hinterlegen wir die Option ""Alle Ort"" für den Wohnort-Filter"
"0","orte <- c(""Alle Orte"", sort(unique(alle_daten_long$Wohnort)))"
"0",""
"0","### Hier hinterlegen wir das Rating"
"0","rating <- c('Sehr schlecht', 'Schlecht', 'Okay', 'Gut', 'Sehr gut')"
"0",""
"0","### Hier definieren wir das gefilterte Datenset mit den Inputs aus der Applikation, die hier über params übergeben werden."
"0","if (params$ort != ""Alle Orte""){ # Erster Fall: Ein Ort wird ausgewählt."
"0","      daten <- alle_daten_long %>% filter(Erhebungsjahr == params$erhebungsjahr, Wohnort == params$ort)"
"0","      ort = paste('in', params$ort)"
"0","    } else { # Zweiter Fall: Der/die Nutzer:in möchte alle Orte ansehen."
"0","      daten <- alle_daten_long %>% filter(Erhebungsjahr == params$erhebungsjahr)"
"0","      ort = 'allen Standorten in Deutschland'"
"0","    } "
