"0","# 5) VISUALISIERUNG EINFÜGEN"
"0","ggplot(daten, aes(x = daten$Antwort, fill = factor(daten$Antwort), group = daten$Frage)) +"
"0","    facet_wrap(~Frage) +"
"0","    scale_fill_brewer(palette = 'RdYlGn', name = ""Legende"", labels = rating) +"
"0","    theme_classic() +"
"0","    ggtitle(paste('Feedback', ' - ', ort, ' (', params$erhebungsjahr, ')', sep = '')) + # fügt einen Titel hinzu"
"0","    xlab('Antwort') + "
"0","    ylab('Prozent der Antworten') + "
"0","    guides(fill = guide_legend(reverse=TRUE, labels = rating)) + "
"0","    geom_text(aes(label = scales::percent(..prop..), y = ..prop.., fill = factor(..x..)), stat= ""count"", vjust = - 0.3, size = 2) +"
"0","    geom_bar(aes(y = ..prop.., fill = factor(..x..)), stat=""count"")"
