{"chunk_definitions":[{"row":17,"row_count":1,"visible":true,"expansion_state":0,"options":{"engine":"r","include":false,"label":"unnamed-chunk-5"},"document_id":"D2EFDEE2","chunk_id":"cp7ofjhpin1qe","chunk_label":"unnamed-chunk-1"},{"row":25,"row_count":1,"visible":true,"expansion_state":0,"options":{"engine":"r","label":"setup","include":false,"warning":false},"document_id":"D2EFDEE2","chunk_id":"csetup_chunk","chunk_label":"setup"},{"row":44,"row_count":1,"visible":true,"expansion_state":0,"options":{"engine":"r","label":"unnamed-chunk-6"},"document_id":"D2EFDEE2","chunk_id":"cm6cj0uthjyn0","chunk_label":"unnamed-chunk-2"},{"row":78,"row_count":1,"visible":true,"expansion_state":0,"options":{"engine":"r","label":"unnamed-chunk-7"},"document_id":"D2EFDEE2","chunk_id":"c0xewza1ysysi","chunk_label":"unnamed-chunk-3"},{"row":97,"row_count":1,"visible":true,"expansion_state":0,"options":{"engine":"r","include":true,"warning":false,"label":"unnamed-chunk-8"},"document_id":"D2EFDEE2","chunk_id":"c0qfwj0z3wgul","chunk_label":"unnamed-chunk-4"},{"row":111,"row_count":1,"visible":true,"expansion_state":0,"options":{"engine":"r","label":"unnamed-chunk-9"},"document_id":"D2EFDEE2","chunk_id":"cwhx56ovdznsu","chunk_label":"unnamed-chunk-5"},{"row":123,"row_count":1,"visible":true,"expansion_state":0,"options":{"engine":"r","include":true,"results":"asis","label":"unnamed-chunk-10"},"document_id":"D2EFDEE2","chunk_id":"c5fphr4ephbgw","chunk_label":"unnamed-chunk-6"}],"doc_write_time":1616428610,"working_dir":null,"default_chunk_options":{"echo":false},"chunk_rendered_width":700}